kind,url,status,redirected,final_url,title,meta_description,robots,canonical,word_count,image_count,internal_link_count,h1_first,schema_types
post,https://hometownpaintingokc.com/best-exterior-paint-oklahoma-weather/,200,False,https://hometownpaintingokc.com/best-exterior-paint-oklahoma-weather/,Best Exterior Paints For Oklahoma Weather | 2026 Guide,"Learn the best exterior paints and primers for Oklahoma’s heat, sun, wind, and storms. Includes Sherwin-Williams and Benjamin Moore options recommended by pros.","follow, index, max-snippet:-1, max-video-preview:-1, max-image-preview:large",https://hometownpaintingokc.com/best-exterior-paint-oklahoma-weather/,1128,10,12,Best Exterior Paints and Primers for Oklahoma Weather,BlogPosting;HousePainter;ImageObject;Organization;Person;Place;WebPage;WebSite
post,https://hometownpaintingokc.com/how-to-choose-exterior-paint-colors-for-your-oklahoma-home/,200,False,https://hometownpaintingokc.com/how-to-choose-exterior-paint-colors-for-your-oklahoma-home/,How To Choose Exterior Paint Colors For Your Oklahoma Home | House Painters In The OKC Metro,Choosing exterior paint colors can feel overwhelming. Walk into any paint store and you're staring at thousands of options. Add in the fact that this decision,"follow, index, max-snippet:-1, max-video-preview:-1, max-image-preview:large",https://hometownpaintingokc.com/how-to-choose-exterior-paint-colors-for-your-oklahoma-home/,1282,14,13,How to Choose Exterior Paint Colors for Your Oklahoma Home,BlogPosting;HousePainter;ImageObject;Organization;Person;Place;WebPage;WebSite
post,https://hometownpaintingokc.com/why-exterior-paint-fades-peels-cracks-oklahoma/,200,False,https://hometownpaintingokc.com/why-exterior-paint-fades-peels-cracks-oklahoma/,"Why Exterior Paint Fades, Peels & Cracks In Oklahoma","Learn why exterior paint fades, peels, and cracks in Oklahoma’s heat, sun, wind, and storms. Understand the causes so your next repaint lasts longer.","follow, index, max-snippet:-1, max-video-preview:-1, max-image-preview:large",https://hometownpaintingokc.com/why-exterior-paint-fades-peels-cracks-oklahoma/,1096,11,12,"Why Exterior Paint Fades, Peels, and Cracks in Oklahoma",BlogPosting;HousePainter;ImageObject;Organization;Person;Place;WebPage;WebSite
post,https://hometownpaintingokc.com/best-time-of-year-paint-exterior-oklahoma/,200,False,https://hometownpaintingokc.com/best-time-of-year-paint-exterior-oklahoma/,Best Time Of Year To Paint Your Exterior In Oklahoma,"Learn the best time of year to paint your home’s exterior in Oklahoma. Understand temperature, humidity, and seasonal weather so your paint job lasts longer.","follow, index, max-snippet:-1, max-video-preview:-1, max-image-preview:large",https://hometownpaintingokc.com/best-time-of-year-paint-exterior-oklahoma/,1540,16,12,Best Time of Year to Paint Your Home’s Exterior in Oklahoma,BlogPosting;HousePainter;ImageObject;Organization;Person;Place;WebPage;WebSite
post,https://hometownpaintingokc.com/exterior-painting-prep-work-oklahoma-city/,200,False,https://hometownpaintingokc.com/exterior-painting-prep-work-oklahoma-city/,Exterior Prep Work For Painting In Oklahoma City,"Learn what professional exterior prep work includes in Oklahoma City—washing, scraping, sanding, priming, caulking, and repairs for a long-lasting paint job.","follow, index, max-snippet:-1, max-video-preview:-1, max-image-preview:large",https://hometownpaintingokc.com/exterior-painting-prep-work-oklahoma-city/,1156,10,11,What’s Included in Professional Exterior Prep Work?,BlogPosting;HousePainter;ImageObject;Organization;Person;Place;WebPage;WebSite
post,https://hometownpaintingokc.com/signs-you-need-exterior-painting-oklahoma/,200,False,https://hometownpaintingokc.com/signs-you-need-exterior-painting-oklahoma/,10 Signs You Need Exterior Painting In Oklahoma City,"Clear signs your home needs exterior painting in Oklahoma City. Learn how to spot peeling, fading, cracking, and other issues before damage sets in.","follow, index, max-snippet:-1, max-video-preview:-1, max-image-preview:large",https://hometownpaintingokc.com/signs-you-need-exterior-painting-oklahoma/,923,13,13,10 Clear Signs It’s Time to Repaint Your Home’s Exterior,BlogPosting;HousePainter;ImageObject;Organization;Person;Place;WebPage;WebSite
post,https://hometownpaintingokc.com/how-often-repaint-oklahoma-city/,200,False,https://hometownpaintingokc.com/how-often-repaint-oklahoma-city/,How Often Should You Repaint Your House In Oklahoma City?,Learn the signs that it's time to repaint your house. Discover how Oklahoma City's unique climate impacts the longevity of your home's exterior paint job.,"follow, index, max-snippet:-1, max-video-preview:-1, max-image-preview:large",https://hometownpaintingokc.com/how-often-repaint-oklahoma-city/,1313,14,13,How Often Should You Repaint Your House in Oklahoma City?,BlogPosting;HousePainter;ImageObject;Organization;Person;Place;WebPage;WebSite
post,https://hometownpaintingokc.com/paint-colors-that-make-your-home-relaxing/,200,False,https://hometownpaintingokc.com/paint-colors-that-make-your-home-relaxing/,Paint Colors That Make Your Home Relaxing,Choosing the right paint colors can make your home a serene refuge for you and your family. Learn how to choose the best relaxing color palette for your home.,"follow, index, max-snippet:-1, max-video-preview:-1, max-image-preview:large",https://hometownpaintingokc.com/paint-colors-that-make-your-home-relaxing/,1194,22,15,Paint Colors for a Relaxing Home,BlogPosting;HousePainter;ImageObject;Organization;Person;Place;WebPage;WebSite
post,https://hometownpaintingokc.com/should-i-stain-my-fence/,200,False,https://hometownpaintingokc.com/should-i-stain-my-fence/,Should I Stain My Fence? (Is It Worth It?),Is it woth it to stain your fence? We recommend that every fence should be stained. Find out why below.,"follow, index, max-snippet:-1, max-video-preview:-1, max-image-preview:large",https://hometownpaintingokc.com/should-i-stain-my-fence/,445,9,12,Should I Stain My Fence? (Is it worth it?),BlogPosting;HousePainter;ImageObject;Organization;Person;Place;WebPage;WebSite
post,https://hometownpaintingokc.com/what-is-the-best-outdoor-stain-for-okc/,200,False,https://hometownpaintingokc.com/what-is-the-best-outdoor-stain-for-okc/,What Is The Best Outdoor Stain For OKC?,"If you want to protect your wood fence, deck or siding, you know stain and sealer are great ways to make them last longer. You may be wondering, however,","follow, index, max-snippet:-1, max-video-preview:-1, max-image-preview:large",https://hometownpaintingokc.com/what-is-the-best-outdoor-stain-for-okc/,845,14,11,What Is the Best Outdoor Stain for OKC?,BlogPosting;HousePainter;ImageObject;Organization;Person;Place;WebPage;WebSite
post,https://hometownpaintingokc.com/how-to-choose-the-best-sheen-or-gloss/,200,False,https://hometownpaintingokc.com/how-to-choose-the-best-sheen-or-gloss/,How To Choose The Best Sheen Or Gloss,Choosing the right finish for each type of paint in your home in an important step when planning a paint project. The many options available can seem,"follow, index, max-snippet:-1, max-video-preview:-1, max-image-preview:large",https://hometownpaintingokc.com/how-to-choose-the-best-sheen-or-gloss/,887,13,11,How To Choose The Best Sheen Or Gloss,BlogPosting;HousePainter;ImageObject;Organization;Person;Place;WebPage;WebSite
post,https://hometownpaintingokc.com/which-paint-should-i-use-on-trim-and-doors/,200,False,https://hometownpaintingokc.com/which-paint-should-i-use-on-trim-and-doors/,Which Paint Should I Use On Trim And Doors?,"Choosing the right paint to go on the woodwork of your home can make a huge difference in the final appearance and durability of the finished product. Smooth,","follow, index, max-snippet:-1, max-video-preview:-1, max-image-preview:large",https://hometownpaintingokc.com/which-paint-should-i-use-on-trim-and-doors/,973,11,13,Which Paint Should I Use On Trim and Doors?,BlogPosting;HousePainter;ImageObject;Organization;Person;Place;WebPage;WebSite
post,https://hometownpaintingokc.com/cost-to-stain-a-fence-okc/,200,False,https://hometownpaintingokc.com/cost-to-stain-a-fence-okc/,Average Cost To Stain A Fence In OKC | 2022 Cost Guide,Wonder if you're paying too much? We will give you a breakdown of the average cost to stain a fence in the OKC metro area. Includes different stain types.,"follow, index, max-snippet:-1, max-video-preview:-1, max-image-preview:large",https://hometownpaintingokc.com/cost-to-stain-a-fence-okc/,1164,29,12,What is the Average Cost To Stain a Fence in the OKC Metro?,BlogPosting;HousePainter;ImageObject;Organization;Person;Place;WebPage;WebSite
post,https://hometownpaintingokc.com/exterior-lime-wash-edmond-ok/,200,False,https://hometownpaintingokc.com/exterior-lime-wash-edmond-ok/,Exterior Lime Wash In Edmond OK - Modernize Your Home Fast,Lime Wash is the perfect way to completely update the look and feel of your home. The perfect vibe for Edmond OK.,"follow, index, max-snippet:-1, max-video-preview:-1, max-image-preview:large",https://hometownpaintingokc.com/exterior-lime-wash-edmond-ok/,764,18,12,A Complete New Look: Exterior Lime Wash in Edmond OK,BlogPosting;HousePainter;ImageObject;Organization;Person;Place;WebPage;WebSite
post,https://hometownpaintingokc.com/commercial-painting-in-yukon-ok-victory-baptist-church/,200,False,https://hometownpaintingokc.com/commercial-painting-in-yukon-ok-victory-baptist-church/,"Commercial Painting In Yukon, OK: Victory Baptist Church | House Painters In The OKC Metro","The exterior of a commercial building is the first impression people will have of the business or organization. Unfortunately, the exterior of the Victory","follow, index, max-snippet:-1, max-video-preview:-1, max-image-preview:large",https://hometownpaintingokc.com/commercial-painting-in-yukon-ok-victory-baptist-church/,610,15,12,"Commercial Painting in Yukon, OK: Victory Baptist Church",BlogPosting;HousePainter;ImageObject;Organization;Person;Place;WebPage;WebSite
post,https://hometownpaintingokc.com/should-paint-kitchen-cabinets/,200,False,https://hometownpaintingokc.com/should-paint-kitchen-cabinets/,Thinking About Painting Your Cabinets? Read This First,"Painting kitchen cabinets is a great way to update the look of your kitchen. But, there are a few things you should keep in mind before you paint your cabinets.","follow, index, max-snippet:-1, max-video-preview:-1, max-image-preview:large",https://hometownpaintingokc.com/should-paint-kitchen-cabinets/,900,10,11,Should I Have My Kitchen Cabinets Painted?,BlogPosting;HousePainter;ImageObject;Organization;Person;Place;WebPage;WebSite
post,https://hometownpaintingokc.com/choosing-exterior-paint-colors/,200,False,https://hometownpaintingokc.com/choosing-exterior-paint-colors/,Choosing The Best Exterior Paint Colors For Your Home,"Choosing the best exterior paint color for your home can seem challenging. With these easy steps, you can be confident choosing exterior paint colors.","follow, index, max-snippet:-1, max-video-preview:-1, max-image-preview:large",https://hometownpaintingokc.com/choosing-exterior-paint-colors/,1067,12,15,How to pick an Exterior Paint Color,BlogPosting;HousePainter;ImageObject;Organization;Person;Place;WebPage;WebSite
post,https://hometownpaintingokc.com/can-a-gray-fence-or-deck-be-stained/,200,False,https://hometownpaintingokc.com/can-a-gray-fence-or-deck-be-stained/,Can A Gray Fence Or Deck Be Stained? | House Painters In The OKC Metro,If you have an older fence or deck that has turned gray you may think it is too late to have beautifully stained wood in your backyard. The truth is that,"follow, index, max-snippet:-1, max-video-preview:-1, max-image-preview:large",https://hometownpaintingokc.com/can-a-gray-fence-or-deck-be-stained/,1254,12,13,Can a Gray Fence or Deck be Stained?,BlogPosting;HousePainter;ImageObject;Organization;Person;Place;WebPage;WebSite
post,https://hometownpaintingokc.com/how-long-does-outdoor-stain-last/,200,False,https://hometownpaintingokc.com/how-long-does-outdoor-stain-last/,How Long Does Outdoor Stain Last In OKC? | Expert Advice,How long does fence or deck stain last in Oklahoma City? Find out the key factors that affect the longevity of a stain job and how to choose the best stain.,"follow, index, max-snippet:-1, max-video-preview:-1, max-image-preview:large",https://hometownpaintingokc.com/how-long-does-outdoor-stain-last/,834,17,11,How Long Does Outdoor Stain Last in OKC?,BlogPosting;HousePainter;ImageObject;Organization;Person;Place;WebPage;WebSite
post,https://hometownpaintingokc.com/how-to-choose-a-fence-stain-color/,200,False,https://hometownpaintingokc.com/how-to-choose-a-fence-stain-color/,How To Chooose A Fence Stain Color | 2022 Color Guide,Fence stain comes in a wide variety of colors. How can you know the best option to choose for your home? We have created a handy guide to help you select the perfect shade.,"follow, index, max-snippet:-1, max-video-preview:-1, max-image-preview:large",https://hometownpaintingokc.com/how-to-choose-a-fence-stain-color/,1013,18,12,How to choose a fence stain color,BlogPosting;HousePainter;ImageObject;Organization;Person;Place;WebPage;WebSite
post,https://hometownpaintingokc.com/why-are-painters-prices-different/,200,False,https://hometownpaintingokc.com/why-are-painters-prices-different/,Why Are Different Painters' Prices So Different? | Guide,You may have gotten vastly different quotes to paint the same project. Why are the prices so different? Learn about how a painting company charges for its work.,"follow, index, max-snippet:-1, max-video-preview:-1, max-image-preview:large",https://hometownpaintingokc.com/why-are-painters-prices-different/,882,11,13,Why are different painters’ prices so different?,BlogPosting;HousePainter;ImageObject;Organization;Person;Place;WebPage;WebSite
post,https://hometownpaintingokc.com/should-i-hire-a-fence-staining-pro/,200,False,https://hometownpaintingokc.com/should-i-hire-a-fence-staining-pro/,Should I Hire A Pro To Stain My Fence? Here's Why You Should,"While fence staining is within the ability of many homeowners, there are several ways it could go wrong. A fence staining professional can get perfect results.","follow, index, max-snippet:-1, max-video-preview:-1, max-image-preview:large",https://hometownpaintingokc.com/should-i-hire-a-fence-staining-pro/,652,14,12,Should I hire a professional to stain my fence?,BlogPosting;HousePainter;ImageObject;Organization;Person;Place;WebPage;WebSite
post,https://hometownpaintingokc.com/is-spraying-or-rolling-better/,200,False,https://hometownpaintingokc.com/is-spraying-or-rolling-better/,Spray Vs. Rolling Exterior Paint | Which Is Better?,"If you're looking to get the best pain job on your home's exterior, should you spray or roll? We will discuss the pros and cons of each.","follow, index, max-snippet:-1, max-video-preview:-1, max-image-preview:large",https://hometownpaintingokc.com/is-spraying-or-rolling-better/,696,8,13,Spray vs Roll for exterior painting,BlogPosting;HousePainter;ImageObject;Organization;Person;Place;WebPage;WebSite
post,https://hometownpaintingokc.com/brick-painting-okc/,200,False,https://hometownpaintingokc.com/brick-painting-okc/,Exterior Brick Painting | Transform Your OKC Home's Exterior,Painting your home's brick is a quick way to make a dramatic transformation. Learn about the benefits of brick painting and the best products and techniques.,"follow, index, max-snippet:-1, max-video-preview:-1, max-image-preview:large",https://hometownpaintingokc.com/brick-painting-okc/,1104,15,13,Painting Exterior Brick in OKC,BlogPosting;HousePainter;ImageObject;Organization;Person;Place;VideoObject;WebPage;WebSite
post,https://hometownpaintingokc.com/siding-staining-express-clydesdale-barns/,200,False,https://hometownpaintingokc.com/siding-staining-express-clydesdale-barns/,"Siding Staining | Express Clydesdale Barns | Yukon, OK","The Express Clydesdale barns are a landmark in Yukon, OK. Learn how Hometown Painting helped the Express Ranches preserve their history by staining the siding.","follow, index, max-snippet:-1, max-video-preview:-1, max-image-preview:large",https://hometownpaintingokc.com/siding-staining-express-clydesdale-barns/,625,26,14,"Cedar Siding Staining: The Express Clydesdale Barns in Yukon, OK",BlogPosting;HousePainter;ImageObject;Organization;Person;Place;VideoObject;WebPage;WebSite
post,https://hometownpaintingokc.com/painting-metal-siding-on-an-oklahoma-city-shop/,200,False,https://hometownpaintingokc.com/painting-metal-siding-on-an-oklahoma-city-shop/,Painting Metal Siding On An Oklahoma City Shop | House Painters In The OKC Metro,Hi there! We at Hometown Painting LLC recently finished a project that we're really excited to share. It's about painting metal siding on a metal shop,"follow, index, max-snippet:-1, max-video-preview:-1, max-image-preview:large",https://hometownpaintingokc.com/painting-metal-siding-on-an-oklahoma-city-shop/,1059,14,16,Painting Metal Siding on an Oklahoma City Shop,BlogPosting;HousePainter;ImageObject;Organization;Person;Place;WebPage;WebSite
post,https://hometownpaintingokc.com/the-ultimate-guide-to-fixing-water-stains-on-walls-and-trim/,200,False,https://hometownpaintingokc.com/the-ultimate-guide-to-fixing-water-stains-on-walls-and-trim/,The Ultimate Guide To Fixing Water Stains On Walls And Trim | House Painters In The OKC Metro,"Water stains can be a nightmare for homeowners. These pesky stains can be unsightly and make a room feel unclean, even if it is spotless. Not to mention, if","follow, index, max-snippet:-1, max-video-preview:-1, max-image-preview:large",https://hometownpaintingokc.com/the-ultimate-guide-to-fixing-water-stains-on-walls-and-trim/,911,13,12,The Ultimate Guide to Fixing Water Stains on Walls and Trim,BlogPosting;HousePainter;ImageObject;Organization;Person;Place;WebPage;WebSite
page,https://hometownpaintingokc.com/,200,False,https://hometownpaintingokc.com/,Trusted Painters In OKC | 120+ 5-Star Reviews | Hometown Painting,"Oklahoma City's trusted residential painters. 120+ perfect 5-star reviews, 5-year written warranty, on-the-spot estimates. Serving Yukon, Mustang, Edmond & OKC metro.","follow, index, max-snippet:-1, max-video-preview:-1, max-image-preview:large",https://hometownpaintingokc.com/,2355,23,20,Professional Painters OKC Homeowners Trust,Article;HousePainter;ImageObject;Organization;Person;Place;VideoObject;WebPage;WebSite
page,https://hometownpaintingokc.com/interior-painting-okc/,200,False,https://hometownpaintingokc.com/interior-painting-okc/,TOP RATED Interior Painting In Oklahoma City | OKC Metro,You will love the look of your home. We offer Interior painting in Oklahoma City that can transform your interior space.,"follow, index, max-snippet:-1, max-video-preview:-1, max-image-preview:large",https://hometownpaintingokc.com/interior-painting-okc/,1622,18,18,Interior Painting Oklahoma City can Trust,Article;HousePainter;ImageObject;Organization;Person;Place;VideoObject;WebPage;WebSite
page,https://hometownpaintingokc.com/house-painting-contractors-okc-professional-painters-oklahoma-city/,200,False,https://hometownpaintingokc.com/house-painting-contractors-okc-professional-painters-oklahoma-city/,House Painting Contractors OKC | Professional Painters Oklahoma City | House Painters In The OKC Metro,"Welcome to Hometown Painting OKC, your premier destination for professional house painting contractors in Oklahoma City. With years of dedicated service to","follow, index, max-snippet:-1, max-video-preview:-1, max-image-preview:large",https://hometownpaintingokc.com/house-painting-contractors-okc-professional-painters-oklahoma-city/,1051,5,9,House Painting Contractors OKC | Professional Painters Oklahoma City,Article;HousePainter;ImageObject;Organization;Person;Place;WebPage;WebSite
page,https://hometownpaintingokc.com/blog/,200,False,https://hometownpaintingokc.com/blog/,Blog | House Painters In The OKC Metro,"Have you ever had a question about which paint to use or how the process works? In our blog, we attempt to answer your questions about painting and staining.","follow, index, max-snippet:-1, max-video-preview:-1, max-image-preview:large",https://hometownpaintingokc.com/blog/,1362,29,33,Everything You Want to Know About Painting in OKC,Article;HousePainter;ImageObject;Organization;Person;Place;WebPage;WebSite
page,https://hometownpaintingokc.com/professional-drywall-repair-oklahoma-city-hometown-painting-okc/,200,False,https://hometownpaintingokc.com/professional-drywall-repair-oklahoma-city-hometown-painting-okc/,Professional Drywall Repair Oklahoma City | Hometown Painting OKC | House Painters In The OKC Metro,"At Hometown Painting OKC, we understand that damaged drywall can significantly impact the appearance and value of your property. Whether you're dealing with","follow, index, max-snippet:-1, max-video-preview:-1, max-image-preview:large",https://hometownpaintingokc.com/professional-drywall-repair-oklahoma-city-hometown-painting-okc/,923,5,9,Professional Drywall Repair Oklahoma City | Hometown Painting OKC,Article;HousePainter;ImageObject;Organization;Person;Place;WebPage;WebSite
page,https://hometownpaintingokc.com/pricing/exterior-painting-cost-oklahoma-city/,200,False,https://hometownpaintingokc.com/pricing/exterior-painting-cost-oklahoma-city/,Exterior Painting Cost In Oklahoma City | 2026 Guide,"Exterior painting cost in Oklahoma City explained with real price ranges, what affects the cost, and how to budget. Get a clear, local breakdown before you repaint.","follow, index, max-snippet:-1, max-video-preview:-1, max-image-preview:large",https://hometownpaintingokc.com/pricing/exterior-painting-cost-oklahoma-city/,945,9,10,Exterior Painting Cost in Oklahoma City: What Homeowners Really Pay,Article;HousePainter;ImageObject;Organization;Person;Place;WebPage;WebSite
page,https://hometownpaintingokc.com/professional-pressure-washing-oklahoma-city-hometown-painting-okc/,200,False,https://hometownpaintingokc.com/professional-pressure-washing-oklahoma-city-hometown-painting-okc/,Professional Pressure Washing Oklahoma City | Hometown Painting OKC | House Painters In The OKC Metro,"When it comes to maintaining the exterior of your home or business in Oklahoma City, few services are as effective and transformative as professional pressure","follow, index, max-snippet:-1, max-video-preview:-1, max-image-preview:large",https://hometownpaintingokc.com/professional-pressure-washing-oklahoma-city-hometown-painting-okc/,1470,3,10,Professional Pressure Washing Oklahoma City | Hometown Painting OKC,Article;HousePainter;ImageObject;Organization;Person;Place;WebPage;WebSite
page,https://hometownpaintingokc.com/exterior-painting/deck-staining-okc-professional-deck-staining-services-in-oklahoma-city/professional-deck-staining-okc-hometown-painting-oklahoma-city/,200,False,https://hometownpaintingokc.com/exterior-painting/deck-staining-okc-professional-deck-staining-services-in-oklahoma-city/professional-deck-staining-okc-hometown-painting-oklahoma-city/,Professional Deck Staining OKC | Hometown Painting Oklahoma City | House Painters In The OKC Metro,"Your deck is one of the most valuable outdoor investments in your home. Whether you're looking to restore a weathered deck or protect a newly built one,","follow, index, max-snippet:-1, max-video-preview:-1, max-image-preview:large",https://hometownpaintingokc.com/exterior-painting/deck-staining-okc-professional-deck-staining-services-in-oklahoma-city/professional-deck-staining-okc-hometown-painting-oklahoma-city/,1459,5,9,Professional Deck Staining OKC | Hometown Painting Oklahoma City,Article;HousePainter;ImageObject;Organization;Person;Place;WebPage;WebSite
page,https://hometownpaintingokc.com/exterior-painting/deck-staining-okc-professional-deck-staining-services-in-oklahoma-city/,200,False,https://hometownpaintingokc.com/exterior-painting/deck-staining-okc-professional-deck-staining-services-in-oklahoma-city/,Deck Staining OKC | Professional Deck Staining Services In Oklahoma City | House Painters In The OKC Metro,"Professional deck staining services in Oklahoma City. Transform your weathered deck with premium stains, expert application, and lasting protection. Free consultation available.","follow, index, max-snippet:-1, max-video-preview:-1, max-image-preview:large",https://hometownpaintingokc.com/exterior-painting/deck-staining-okc-professional-deck-staining-services-in-oklahoma-city/,1041,7,9,Deck Staining OKC | Professional Deck Staining Services in Oklahoma City,Article;HousePainter;ImageObject;Organization;Person;Place;WebPage;WebSite
page,https://hometownpaintingokc.com/exterior-painting-oklahoma-city/,200,False,https://hometownpaintingokc.com/exterior-painting-oklahoma-city/,BEST Exterior Painters In Town | Exterior Painting Oklahoma City,We provide exterior painting Oklahoma City can trust. Exterior house painting is a must to protect your home from the OKC weather. 5 Year warranty on our exterior work!,"follow, index, max-snippet:-1, max-video-preview:-1, max-image-preview:large",https://hometownpaintingokc.com/exterior-painting-oklahoma-city/,1538,23,13,Exterior Painting Oklahoma City Homeowners can trust,Article;HousePainter;ImageObject;Organization;Person;Place;VideoObject;WebPage;WebSite
page,https://hometownpaintingokc.com/mesta-park/,200,False,https://hometownpaintingokc.com/mesta-park/,Mesta Park | Interior And Exterior Painting,"Learn more about our interior and exterior painting projects in the historic Mesta Park neighborhood in Oklahoma City, OK","follow, index, max-snippet:-1, max-video-preview:-1, max-image-preview:large",https://hometownpaintingokc.com/mesta-park/,528,15,14,Professional House Painters in the Mesta Park neighborhood.,Article;HousePainter;ImageObject;Organization;Person;Place;WebPage;WebSite
page,https://hometownpaintingokc.com/fence-staining-okc/,200,False,https://hometownpaintingokc.com/fence-staining-okc/,#1 Fence Staining OKC- Free Estimates In Oklahoma City,Hometown Painting LLC offers fence staining in the OKC metro area. Fence staining OKC is the best way to make your fence look beautiful and last longer.,"follow, index, max-snippet:-1, max-video-preview:-1, max-image-preview:large",https://hometownpaintingokc.com/fence-staining-okc/,2057,50,19,Fence Staining OKC can Trust.,Article;HousePainter;ImageObject;Organization;Person;Place;VideoObject;WebPage;WebSite
page,https://hometownpaintingokc.com/thank-you/,200,False,https://hometownpaintingokc.com/thank-you/,You Requested A Free Quote | House Painters In The OKC Metro,"We look forward to working with you on your project! If you were able to get an appointment scheduled on our calendar already, Great! If not there is a link","follow, index, max-snippet:-1, max-video-preview:-1, max-image-preview:large",https://hometownpaintingokc.com/thank-you/,138,4,9,Thank you for Requesting Your Estimate!,Article;HousePainter;ImageObject;Organization;Person;Place;WebPage;WebSite
page,https://hometownpaintingokc.com/exterior-painting/,200,False,https://hometownpaintingokc.com/exterior-painting/,Exterior Painting Landing Page | House Painters In The OKC Metro,Get a Free Estimate,"follow, index, max-snippet:-1, max-video-preview:-1, max-image-preview:large",https://hometownpaintingokc.com/exterior-painting/,515,25,5,Professional Exterior Painting in Oklahoma City,Article;HousePainter;ImageObject;Organization;Person;Place;VideoObject;WebPage;WebSite
page,https://hometownpaintingokc.com/gallery/,200,False,https://hometownpaintingokc.com/gallery/,See Our Work In The OKC Metro,See pictures of homes we have painted in Oklahoma City and the surrounding community. We have pictures of interior and exterior projects.,"follow, index, max-snippet:-1, max-video-preview:-1, max-image-preview:large",https://hometownpaintingokc.com/gallery/,182,28,10,Take a Look at Our Work,Article;HousePainter;ImageObject;Organization;Person;Place;WebPage;WebSite
page,https://hometownpaintingokc.com/commercial-painters-oklahoma-city/,200,False,https://hometownpaintingokc.com/commercial-painters-oklahoma-city/,Commercial Painters Oklahoma City | House Painters In The OKC Metro,"A Local, Professional Painting Company in OKC","follow, index, max-snippet:-1, max-video-preview:-1, max-image-preview:large",https://hometownpaintingokc.com/commercial-painters-oklahoma-city/,746,9,11,Oklahoma City’s Trusted Commercial Painters,Article;HousePainter;ImageObject;Organization;Person;Place;WebPage;WebSite
page,https://hometownpaintingokc.com/cabinet-painting-okc/,200,False,https://hometownpaintingokc.com/cabinet-painting-okc/,Cabinet Painting OKC | House Painters In The OKC Metro,Professional cabinet painters in OKC. Hometown Painting transforms kitchens with expert finishes and lasting quality. Get a free quote today.,"follow, index, max-snippet:-1, max-video-preview:-1, max-image-preview:large",https://hometownpaintingokc.com/cabinet-painting-okc/,717,7,10,Cabinet Painting OKC,Article;HousePainter;ImageObject;Organization;Person;Place;WebPage;WebSite
page,https://hometownpaintingokc.com/painters/,200,False,https://hometownpaintingokc.com/painters/,Painters OKC Landing Page | House Painters In The OKC Metro,Get a Free Estimate,"follow, index, max-snippet:-1, max-video-preview:-1, max-image-preview:large",https://hometownpaintingokc.com/painters/,434,23,5,Professional local Painters in the OKC Metro,Article;HousePainter;ImageObject;Organization;Person;Place;VideoObject;WebPage;WebSite
page,https://hometownpaintingokc.com/interior-painting/,200,False,https://hometownpaintingokc.com/interior-painting/,Interior Painting Landing Page | House Painters In The OKC Metro,Get a Free Estimate,"follow, index, max-snippet:-1, max-video-preview:-1, max-image-preview:large",https://hometownpaintingokc.com/interior-painting/,468,24,5,Professional Interior Painters in the OKC Metro,Article;HousePainter;ImageObject;Organization;Person;Place;VideoObject;WebPage;WebSite
page,https://hometownpaintingokc.com/privacy-policy/,200,False,https://hometownpaintingokc.com/privacy-policy/,Privacy Policy,"In Short: If you are a resident of California, Colorado, Connecticut, Delaware, Florida, Indiana, Iowa, Kentucky, Maryland, Minnesota, Montana, Nebraska, New","follow, index, max-snippet:-1, max-video-preview:-1, max-image-preview:large",https://hometownpaintingokc.com/privacy-policy/,5667,3,10,Privacy Policy for Hometown Painting,Article;HousePainter;ImageObject;Organization;Person;Place;WebPage;WebSite
page,https://hometownpaintingokc.com/pricing/,200,False,https://hometownpaintingokc.com/pricing/,Pricing | House Painters In The OKC Metro,"Transparency: We want you to be as well-informed as possible about your next paint job, including the project's potential cost.","follow, index, max-snippet:-1, max-video-preview:-1, max-image-preview:large",https://hometownpaintingokc.com/pricing/,749,9,12,What Will Your Next Paint Job Cost?,Article;HousePainter;ImageObject;Organization;Person;Place;WebPage;WebSite
page,https://hometownpaintingokc.com/professional-painters-okc/,200,False,https://hometownpaintingokc.com/professional-painters-okc/,Professional Painters OKC | Hometown Painting LLC,Hometown Painting LLC are your professional painters in the OKC Metro area. We specialize in residential painting. We can make your home look great!,"follow, index, max-snippet:-1, max-video-preview:-1, max-image-preview:large",https://hometownpaintingokc.com/professional-painters-okc/,652,13,17,A Tradition of Professional Painters in OKC,AboutPage;HousePainter;ImageObject;Organization;Place;WebSite
page,https://hometownpaintingokc.com/contact-us/,200,False,https://hometownpaintingokc.com/contact-us/,Contact Us | Hometown Painting LLC,"To request a free estimate for your next painting project, please fill out the form below.","follow, index, max-snippet:-1, max-video-preview:-1, max-image-preview:large",https://hometownpaintingokc.com/contact-us/,212,4,9,Get In Touch With Hometown Painting,Article;ContactPage;HousePainter;ImageObject;Organization;Person;Place;VideoObject;WebSite
page,https://hometownpaintingokc.com/painting-estimate/,200,False,https://hometownpaintingokc.com/painting-estimate/,Free Painting Estimates In Oklahoma City,Request a Free Estimate!,"follow, index, max-snippet:-1, max-video-preview:-1, max-image-preview:large",https://hometownpaintingokc.com/painting-estimate/,260,9,4,Premium Home Painting in Oklahoma City,Article;HousePainter;ImageObject;Organization;Person;Place;VideoObject;WebPage;WebSite
page,https://hometownpaintingokc.com/link-tree/,200,False,https://hometownpaintingokc.com/link-tree/,Link Tree | House Painters In The OKC Metro,Welcome to Our Client Resources. Explore & Learn More About Hometown Painting!,"follow, index, max-snippet:-1, max-video-preview:-1, max-image-preview:large",https://hometownpaintingokc.com/link-tree/,104,3,5,,Article;HousePainter;ImageObject;Organization;Person;Place;WebPage;WebSite
page,https://hometownpaintingokc.com/wall-painting-okc/,200,False,https://hometownpaintingokc.com/wall-painting-okc/,See What Wall Painting Can Do For Your OKC Home,The wall color of your home makes a huge statement. Does your home say what you want it to? Wall painting can give your home the voice you want it to share.,"follow, index, max-snippet:-1, max-video-preview:-1, max-image-preview:large",https://hometownpaintingokc.com/wall-painting-okc/,287,11,10,Wall Painting in the OKC Metro,Article;HousePainter;ImageObject;Organization;Person;Place;WebPage;WebSite
page,https://hometownpaintingokc.com/reviews/,200,False,https://hometownpaintingokc.com/reviews/,Reviews | House Painters In The OKC Metro,Strong local businesses build the strong community we all love and enjoy.,"follow, index, max-snippet:-1, max-video-preview:-1, max-image-preview:large",https://hometownpaintingokc.com/reviews/,190,11,9,Do You Love To Support Local Businesses?,Article;HousePainter;ImageObject;Organization;Person;Place;WebPage;WebSite
page,https://hometownpaintingokc.com/pergola-staining-okc/,200,False,https://hometownpaintingokc.com/pergola-staining-okc/,Top Pergola Staining In OKC | Protect Your Pergola Today,"For a fresh, new look, discover why we're the choice for pergola staining Oklahoma City residents recommend.","follow, index, max-snippet:-1, max-video-preview:-1, max-image-preview:large",https://hometownpaintingokc.com/pergola-staining-okc/,1297,24,10,Pergola Staining OKC Homeowners Can Trust,Article;HousePainter;ImageObject;Organization;Person;Place;WebPage;WebSite
page,https://hometownpaintingokc.com/painters-mustang-ok/,200,False,https://hometownpaintingokc.com/painters-mustang-ok/,Top Painters Mustang OK | 5 Star Rated | Free Estimates,Painters Mustang OK Hometown Painting LLC offers interior and exterior painting in Mustang OK. Free estimates. Discounts for military and first responders,"follow, index, max-snippet:-1, max-video-preview:-1, max-image-preview:large",https://hometownpaintingokc.com/painters-mustang-ok/,768,28,13,fresh paint makes your home beautiful and Inviting,Article;HousePainter;ImageObject;Organization;Person;Place;VideoObject;WebPage;WebSite
page,https://hometownpaintingokc.com/pricing/interior-pricing/,200,False,https://hometownpaintingokc.com/pricing/interior-pricing/,Interior Pricing | House Painters In The OKC Metro,"Every homeowner dreams of a stunning interior, a backdrop worthy of every life event and quiet moment. While the idea of painting can seem daunting,","follow, index, max-snippet:-1, max-video-preview:-1, max-image-preview:large",https://hometownpaintingokc.com/pricing/interior-pricing/,674,6,9,,Article;HousePainter;ImageObject;Organization;Person;Place;WebPage;WebSite
page,https://hometownpaintingokc.com/painters-yukon-ok/,200,False,https://hometownpaintingokc.com/painters-yukon-ok/,"5 Star Rated |House Painters Yukon, OK | Free Estimates","Hometown Painting LLC: The Painters Yukon, OK Homeowners Trust. We offer Interior and Exterior Painting. Free Estimates. Military and First Responder Discounts.","follow, index, max-snippet:-1, max-video-preview:-1, max-image-preview:large",https://hometownpaintingokc.com/painters-yukon-ok/,607,15,13,House Painters Yukon OK Homeowners Trust,Article;HousePainter;ImageObject;Organization;Person;Place;WebPage;WebSite
page,https://hometownpaintingokc.com/okc-fence-stain-colors/,200,False,https://hometownpaintingokc.com/okc-fence-stain-colors/,Wood Defender Fence Stain Colors | Top OKC Colors,These are the top fence stain colors available in the OKC metro area. Fence Staining can make your outdoor space beautiful and inviting. For Cedar or treated wood.,"follow, index, max-snippet:-1, max-video-preview:-1, max-image-preview:large",https://hometownpaintingokc.com/okc-fence-stain-colors/,450,26,11,Wood Defender Oil-Based Fence stain colors available in the OKC Metro,Article;HousePainter;ImageObject;Organization;Person;Place;WebPage;WebSite
page,https://hometownpaintingokc.com/painters-edmond-ok/,200,False,https://hometownpaintingokc.com/painters-edmond-ok/,"House Painters In Edmond, OK | Interior And Exterior Paint","We can help you transform your Edmond home with luxurious paint. Whether it's your interior or exterior, we can give you a hassle-free painting experience.","follow, index, max-snippet:-1, max-video-preview:-1, max-image-preview:large",https://hometownpaintingokc.com/painters-edmond-ok/,766,20,11,Edmond OK,Article;HousePainter;ImageObject;Organization;Person;Place;WebPage;WebSite
page,https://hometownpaintingokc.com/painters-bethany-ok/,200,False,https://hometownpaintingokc.com/painters-bethany-ok/,Top Rated House Local Painters In Bethany Oklahoma,"We make it easy for you to transform your home with a fresh coat of paint. We offer free estimates to all our Bethany, OK customers. Locally owned company.","follow, index, max-snippet:-1, max-video-preview:-1, max-image-preview:large",https://hometownpaintingokc.com/painters-bethany-ok/,490,19,13,Enhance your home with New paint inside and out,Article;HousePainter;ImageObject;Organization;Person;Place;WebPage;WebSite
page,https://hometownpaintingokc.com/terms-conditions/,200,False,https://hometownpaintingokc.com/terms-conditions/,Terms And Conditions | House Painters In The OKC Metro,Welcome to Hometown Painting!,"follow, index, max-snippet:-1, max-video-preview:-1, max-image-preview:large",https://hometownpaintingokc.com/terms-conditions/,1581,5,9,Terms and Conditions,Article;HousePainter;ImageObject;Organization;Person;Place;WebPage;WebSite
page,https://hometownpaintingokc.com/disclaimer/,200,False,https://hometownpaintingokc.com/disclaimer/,Disclaimer For Hometown Painting | House Painters In The OKC Metro,"If you require any more information or have any questions about our site's disclaimer, please feel free to contact us by email at matt@hometownpaintingokc.com","follow, index, max-snippet:-1, max-video-preview:-1, max-image-preview:large",https://hometownpaintingokc.com/disclaimer/,364,5,9,Disclaimer for Hometown Painting,Article;HousePainter;ImageObject;Organization;Person;Place;WebPage;WebSite
page,https://hometownpaintingokc.com/professional-painters-okc/warranty/,200,False,https://hometownpaintingokc.com/professional-painters-okc/warranty/,Hometown Painting Warranty | House Painters In The OKC Metro,"In order to help our customers to the best of our ability, Hometown Painting offers a warranty on their painting work. While we do our best to provide great","follow, index, max-snippet:-1, max-video-preview:-1, max-image-preview:large",https://hometownpaintingokc.com/professional-painters-okc/warranty/,396,5,9,Hometown Painting Warranty,Article;HousePainter;ImageObject;Organization;Person;Place;WebPage;WebSite
